adj_amb,cond_group,item,verb_bias,explanation,pronoun,pronoun_type,new_sent,question_answers,Ferstl_verb_eng,Ferstl_sem_cat,Ferstl_eng_verb_length,Ferstl_eng_verb_freq,Ferstl_val,Ferstl_IVC,adj,german_adj_freq,german_adj_length,verb,german_verb_freq,german_verb_length,Susanne_avgRating_Score,story,question,left,right,left_pronoun,right_pronoun,correct
nonamb,10,68,NP2,NP1-Causality,er,nonamb,"Der Heimleiter lachte die Seniorin aus, weil er am späten Abend gehässig war und Streit suchte.",Wer lachte die Seniorin aus? (Der Heimleiter / Der Freund),laughed at,AgP,7,0,-0.82,-96,gehässig,0.73,8,lachte,0.03,9,93.5,"Der_Heimleiter lachte die_Seniorin_aus,
weil er am_späten_Abend gehässig_war und Streit suchte.",Wer lachte die Seniorin aus?,Der Heimleiter,Der Freund,er,er,F
nonamb,10,68,NP2,NP1-Causality,er,nonamb,"Der Heimleiter lachte den Senioren aus, weil er am späten Abend gehässig war und Streit suchte.",Wer lachte den Senioren aus? (Der Heimleiter / Der Leistungssportler),laughed at,AgP,7,0,-0.82,-96,gehässig,0.73,8,lachte,0.03,9,93.5,"Der_Heimleiter lachte den_Senioren_aus,
weil er am_späten_Abend gehässig_war und Streit suchte.",Wer lachte den Senioren aus?,Der Heimleiter,Der Leistungssportler,er,er,F
nonamb,10,68,NP2,NP1-Causality,sie,nonamb,"Die Heimleiterin lachte die Seniorin aus, weil sie am späten Abend gehässig war und Streit suchte.",Wer lachte die Seniorin aus? (Die Heimleiterin / Die Abtissin),laughed at,AgP,7,0,-0.82,-96,gehässig,0.73,8,lachte,0.03,9,93.5,"Die_Heimleiterin lachte die_Seniorin_aus,
weil sie am_späten_Abend gehässig_war und Streit suchte.",Wer lachte die Seniorin aus?,Die Heimleiterin,Die Abtissin,sie,sie,F
nonamb,10,68,NP2,NP1-Causality,sie,nonamb,"Die Heimleiterin lachte den Senioren aus, weil sie am späten Abend gehässig war und Streit suchte.",Wer lachte den Senioren aus? (Die Heimleiterin / Die Führsprecherin),laughed at,AgP,7,0,-0.82,-96,gehässig,0.73,8,lachte,0.03,9,93.5,"Die_Heimleiterin lachte den_Senioren_aus,
weil sie am_späten_Abend gehässig_war und Streit suchte.",Wer lachte den Senioren aus?,Die Heimleiterin,Die Führsprecherin,sie,sie,F
nonamb,9,68,NP2,NP2-Causality,sie,nonamb,"Der Heimleiter lachte die Seniorin aus, weil sie am späten Abend vergesslich war und die Reaktion provozierte.",Wer lachte die Seniorin aus? (Der Heimleiter / Der Wettkämpfer),laughed at,AgP,7,0,-0.82,-96,vergesslich,0.3,11,lachte,0.03,9,93.5,"Der_Heimleiter lachte die_Seniorin_aus,
weil sie am_späten_Abend vergesslich_war und die_Reaktion provozierte.",Wer lachte die Seniorin aus?,Der Heimleiter,Der Wettkämpfer,er,er,F
nonamb,9,68,NP2,NP2-Causality,er,nonamb,"Der Heimleiter lachte den Senioren aus, weil er am späten Abend vergesslich war und die Reaktion provozierte.",Wer lachte den Senioren aus? (Der Heimleiter / Der Zuschauer),laughed at,AgP,7,0,-0.82,-96,vergesslich,0.3,11,lachte,0.03,9,93.5,"Der_Heimleiter lachte den_Senioren_aus,
weil er am_späten_Abend vergesslich_war und die_Reaktion provozierte.",Wer lachte den Senioren aus?,Der Heimleiter,Der Zuschauer,er,er,F
nonamb,9,68,NP2,NP2-Causality,sie,nonamb,"Die Heimleiterin lachte die Seniorin aus, weil sie am späten Abend vergesslich war und die Reaktion provozierte.",Wer lachte die Seniorin aus? (Die Heimleiterin / Die Aktrobatin),laughed at,AgP,7,0,-0.82,-96,vergesslich,0.3,11,lachte,0.03,9,93.5,"Die_Heimleiterin lachte die_Seniorin_aus,
weil sie am_späten_Abend vergesslich_war und die_Reaktion provozierte.",Wer lachte die Seniorin aus?,Die Heimleiterin,Die Aktrobatin,sie,sie,F
nonamb,9,68,NP2,NP2-Causality,er,nonamb,"Die Heimleiterin lachte den Senioren aus, weil er am späten Abend vergesslich war und die Reaktion provozierte.",Wer lachte den Senioren aus? (Die Heimleiterin / Die Abtissin),laughed at,AgP,7,0,-0.82,-96,vergesslich,0.3,11,lachte,0.03,9,93.5,"Die_Heimleiterin lachte den_Senioren_aus,
weil er am_späten_Abend vergesslich_war und die_Reaktion provozierte.",Wer lachte den Senioren aus?,Die Heimleiterin,Die Abtissin,sie,sie,F
nonamb,10,29,NP2,NP1-Causality,er,nonamb,"Der Leistungssportler beneidete die Freizeitsportlerin, weil er am späten Abend erschöpft war und den Wettkapf verlor.",Was verlor er? (den Wettkapf / die Hilfe),envied,ExpStim,6,245,-1.82,-94,erfolglos,13.04,9,beneidete,0.23,9,87.5,"Der_Leistungssportler beneidete die_Freizeitsportlerin,
weil er am_späten_Abend erschöpft_war und den_Wettkapf verlor.",Was verlor er?,den Wettkapf,die Hilfe,er,sie,F
nonamb,10,29,NP2,NP1-Causality,er,nonamb,"Der Leistungssportler beneidete den Freizeitsportler, weil er am späten Abend erschöpft war und den Wettkapf verlor.",Was verlor er? (den Wettkapf / die Hilfe),envied,ExpStim,6,245,-1.82,-94,erfolglos,13.04,9,beneidete,0.23,9,87.5,"Der_Leistungssportler beneidete den_Freizeitsportler,
weil er am_späten_Abend erschöpft_war und den_Wettkapf verlor.",Was verlor er?,den Wettkapf,die Hilfe,er,sie,F
nonamb,10,29,NP2,NP1-Causality,sie,nonamb,"Die Leistungssportlerin beneidete die Freizeitsportlerin, weil sie am späten Abend erschöpft war und den Wettkapf verlor.",Was verlor sie? (den Wettkapf / die Hilfe),envied,ExpStim,6,245,-1.82,-94,erfolglos,13.04,9,beneidete,0.23,9,87.5,"Die_Leistungssportlerin beneidete die_Freizeitsportlerin,
weil sie am_späten_Abend erschöpft_war und den_Wettkapf verlor.",Was verlor sie?,den Wettkapf,die Hilfe,er,sie,F
nonamb,10,29,NP2,NP1-Causality,sie,nonamb,"Die Leistungssportlerin beneidete den Freizeitsportler, weil sie am späten Abend erschöpft war und den Wettkapf verlor.",Was verlor sie? (den Wettkapf / die Hilfe),envied,ExpStim,6,245,-1.82,-94,erfolglos,13.04,9,beneidete,0.23,9,87.5,"Die_Leistungssportlerin beneidete den_Freizeitsportler,
weil sie am_späten_Abend erschöpft_war und den_Wettkapf verlor.",Was verlor sie?,den Wettkapf,die Hilfe,er,sie,F
nonamb,9,29,NP2,NP2-Causality,sie,nonamb,"Der Leistungssportler beneidete die Freizeitsportlerin, weil sie am späten Abend erfolgreich war und Lob erhielt.",Was erhielt sie? (Lob / die Hilfe),envied,ExpStim,6,245,-1.82,-94,siegreich,4.15,9,beneidete,0.23,9,87.5,"Der_Leistungssportler beneidete die_Freizeitsportlerin,
weil sie am_späten_Abend erfolgreich_war und Lob erhielt.",Was erhielt sie?,Lob,die Hilfe,er,sie,F
nonamb,9,29,NP2,NP2-Causality,er,nonamb,"Der Leistungssportler beneidete den Freizeitsportler, weil er am späten Abend erfolgreich war und Lob erhielt.",Was erhielt er? (Lob / die Hilfe),envied,ExpStim,6,245,-1.82,-94,siegreich,4.15,9,beneidete,0.23,9,87.5,"Der_Leistungssportler beneidete den_Freizeitsportler,
weil er am_späten_Abend erfolgreich_war und Lob erhielt.",Was erhielt er?,Lob,die Hilfe,er,sie,F
nonamb,9,29,NP2,NP2-Causality,sie,nonamb,"Die Leistungssportlerin beneidete die Freizeitsportlerin, weil sie am späten Abend erfolgreich war und Lob erhielt.",Was erhielt sie? (Lob / die Hilfe),envied,ExpStim,6,245,-1.82,-94,siegreich,4.15,9,beneidete,0.23,9,87.5,"Die_Leistungssportlerin beneidete die_Freizeitsportlerin,
weil sie am_späten_Abend erfolgreich_war und Lob erhielt.",Was erhielt sie?,Lob,die Hilfe,er,sie,F
nonamb,9,29,NP2,NP2-Causality,er,nonamb,"Die Leistungssportlerin beneidete den Freizeitsportler, weil er am späten Abend erfolgreich war und Lob erhielt.",Was erhielt er? (Lob / die Hilfe),envied,ExpStim,6,245,-1.82,-94,siegreich,4.15,9,beneidete,0.23,9,87.5,"Die_Leistungssportlerin beneidete den_Freizeitsportler,
weil er am_späten_Abend erfolgreich_war und Lob erhielt.",Was erhielt er?,Lob,die Hilfe,er,sie,F
nonamb,10,62,NP2,NP1-Causality,er,nonamb,"Der Neffe gratulierte der Tante, weil er schon immer schmeichelhaft war und Vorteile erhoffte.",Wem gratulierte der Neffe? (der Tante / die Politikerin),congratulated,AgEvo,13,17,1.82,-94,berechnend,0.9,10,gratulierte,1.03,11,68.75,"Der_Neffe gratulierte der_Tante,
weil er schon_immer schmeichelhaft_war und Vorteile erhoffte.",Wem gratulierte der Neffe?,der Tante,die Politikerin,er,sie,F
nonamb,10,62,NP2,NP1-Causality,er,nonamb,"Der Neffe gratulierte dem Onkel, weil er schon immer schmeichelhaft war und Vorteile erhoffte.",Wem gratulierte der Neffe? (dem Onkel / den Verehrer),congratulated,AgEvo,13,17,1.82,-94,berechnend,0.9,10,gratulierte,1.03,11,68.75,"Der_Neffe gratulierte dem_Onkel,
weil er schon_immer schmeichelhaft_war und Vorteile erhoffte.",Wem gratulierte der Neffe?,dem Onkel,den Verehrer,er,er,F
nonamb,10,62,NP2,NP1-Causality,sie,nonamb,"Die Nichte gratulierte der Tante, weil sie schon immer schmeichelhaft war und Vorteile erhoffte.",Wem gratulierte die Nichte? (der Tante / die Passagierin),congratulated,AgEvo,13,17,1.82,-94,berechnend,0.9,10,gratulierte,1.03,11,68.75,"Die_Nichte gratulierte der_Tante,
weil sie schon_immer schmeichelhaft_war und Vorteile erhoffte.",Wem gratulierte die Nichte?,der Tante,die Passagierin,er,sie,F
nonamb,10,62,NP2,NP1-Causality,sie,nonamb,"Die Nichte gratulierte dem Onkel, weil sie schon immer schmeichelhaft war und Vorteile erhoffte.",Wem gratulierte die Nichte? (dem Onkel / den Neffen),congratulated,AgEvo,13,17,1.82,-94,berechnend,0.9,10,gratulierte,1.03,11,68.75,"Die_Nichte gratulierte dem_Onkel,
weil sie schon_immer schmeichelhaft_war und Vorteile erhoffte.",Wem gratulierte die Nichte?,dem Onkel,den Neffen,er,er,F
nonamb,9,62,NP2,NP2-Causality,sie,nonamb,"Der Neffe gratulierte der Tante, weil sie schon immer beeindruckend war und Ideen generierte.",Wem gratulierte der Neffe? (der Tante / die Gefangene),congratulated,AgEvo,13,17,1.82,-94,einflussreich,0.33,13,gratulierte,1.03,11,68.75,"Der_Neffe gratulierte der_Tante,
weil sie schon_immer beeindruckend_war und Ideen generierte.",Wem gratulierte der Neffe?,der Tante,die Gefangene,er,sie,F
nonamb,9,62,NP2,NP2-Causality,er,nonamb,"Der Neffe gratulierte dem Onkel, weil er schon immer beeindruckend war und Ideen generierte.",Wem gratulierte der Neffe? (dem Onkel / den Vermieter),congratulated,AgEvo,13,17,1.82,-94,einflussreich,0.33,13,gratulierte,1.03,11,68.75,"Der_Neffe gratulierte dem_Onkel,
weil er schon_immer beeindruckend_war und Ideen generierte.",Wem gratulierte der Neffe?,dem Onkel,den Vermieter,er,er,F
nonamb,9,62,NP2,NP2-Causality,sie,nonamb,"Die Nichte gratulierte der Tante, weil sie schon immer beeindruckend war und Ideen generierte.",Wem gratulierte die Nichte? (der Tante / die Mitarbeiterin),congratulated,AgEvo,13,17,1.82,-94,einflussreich,0.33,13,gratulierte,1.03,11,68.75,"Die_Nichte gratulierte der_Tante,
weil sie schon_immer beeindruckend_war und Ideen generierte.",Wem gratulierte die Nichte?,der Tante,die Mitarbeiterin,er,sie,F
nonamb,9,62,NP2,NP2-Causality,er,nonamb,"Die Nichte gratulierte dem Onkel, weil er schon immer beeindruckend war und Ideen generierte.",Wem gratulierte die Nichte? (dem Onkel / den Mäuserich),congratulated,AgEvo,13,17,1.82,-94,einflussreich,0.33,13,gratulierte,1.03,11,68.75,"Die_Nichte gratulierte dem_Onkel,
weil er schon_immer beeindruckend_war und Ideen generierte.",Wem gratulierte die Nichte?,dem Onkel,den Mäuserich,er,er,F
nonamb,9,31,NP2,NP1-Causality,er,nonamb,"Der Mann vergötterte die Rivalin, weil er seit Langem alleine war und eine Parternschaft suchte.",Wer war seit Langem alleine? (Der Mann / die Rivalin),fancied,ExpStim,7,86,0.91,-94,gefährlich,62.41,10,vergötterte,0.09,10,31.25,"Der_Mann vergötterte die_Rivalin,
weil er seit_Langem alleine_war und eine_Parternschaft suchte.",Wer war seit Langem alleine?,Der Mann,die Rivalin,er,sie,F
nonamb,9,31,NP2,NP1-Causality,er,nonamb,"Der Mann vergötterte den Rivalen, weil er seit Langem alleine war und eine Parternschaft suchte.",Wer war seit Langem alleine? (Der Mann / den Rivalen),fancied,ExpStim,7,86,0.91,-94,gefährlich,62.41,10,vergötterte,0.09,10,31.25,"Der_Mann vergötterte den_Rivalen,
weil er seit_Langem alleine_war und eine_Parternschaft suchte.",Wer war seit Langem alleine?,Der Mann,den Rivalen,er,er,F
nonamb,9,31,NP2,NP1-Causality,sie,nonamb,"Die Frau vergötterte die Rivalin, weil sie seit Langem alleine war und eine Parternschaft suchte.",Wer war seit Langem alleine? (Die Frau / die Rivalin),fancied,ExpStim,7,86,0.91,-94,gefährlich,62.41,10,vergötterte,0.09,10,31.25,"Die_Frau vergötterte die_Rivalin,
weil sie seit_Langem alleine_war und eine_Parternschaft suchte.",Wer war seit Langem alleine?,Die Frau,die Rivalin,sie,sie,F
nonamb,9,31,NP2,NP1-Causality,sie,nonamb,"Die Frau vergötterte den Rivalen, weil sie seit Langem alleine war und eine Parternschaft suchte.",Wer war seit Langem alleine? (Die Frau / den Rivalen),fancied,ExpStim,7,86,0.91,-94,gefährlich,62.41,10,vergötterte,0.09,10,31.25,"Die_Frau vergötterte den_Rivalen,
weil sie seit_Langem alleine_war und eine_Parternschaft suchte.",Wer war seit Langem alleine?,Die Frau,den Rivalen,sie,er,F
nonamb,10,31,NP2,NP2-Causality,sie,nonamb,"Der Mann vergötterte die Rivalin, weil sie seit Langem grandios war und Attraktivität ausstrahlte.",Wer war seit Langem grandios? (Der Mann / die Rivalin),fancied,ExpStim,7,86,0.91,-94,schmerzfrei,1.68,11,vergötterte,0.09,10,31.25,"Der_Mann vergötterte die_Rivalin,
weil sie seit_Langem grandios_war und Attraktivität ausstrahlte.",Wer war seit Langem grandios?,Der Mann,die Rivalin,er,sie,J
nonamb,10,31,NP2,NP2-Causality,er,nonamb,"Der Mann vergötterte den Rivalen, weil er seit Langem grandios war und Attraktivität ausstrahlte.",Wer war seit Langem grandios? (Der Mann / den Rivalen),fancied,ExpStim,7,86,0.91,-94,schmerzfrei,1.68,11,vergötterte,0.09,10,31.25,"Der_Mann vergötterte den_Rivalen,
weil er seit_Langem grandios_war und Attraktivität ausstrahlte.",Wer war seit Langem grandios?,Der Mann,den Rivalen,er,er,J
nonamb,10,31,NP2,NP2-Causality,sie,nonamb,"Die Frau vergötterte die Rivalin, weil sie seit Langem grandios war und Attraktivität ausstrahlte.",Wer war seit Langem grandios? (Die Frau / die Rivalin),fancied,ExpStim,7,86,0.91,-94,schmerzfrei,1.68,11,vergötterte,0.09,10,31.25,"Die_Frau vergötterte die_Rivalin,
weil sie seit_Langem grandios_war und Attraktivität ausstrahlte.",Wer war seit Langem grandios?,Die Frau,die Rivalin,sie,sie,J
nonamb,10,31,NP2,NP2-Causality,er,nonamb,"Die Frau vergötterte den Rivalen, weil er seit Langem grandios war und Attraktivität ausstrahlte.",Wer war seit Langem grandios? (Die Frau / den Rivalen),fancied,ExpStim,7,86,0.91,-94,schmerzfrei,1.68,11,vergötterte,0.09,10,31.25,"Die_Frau vergötterte den_Rivalen,
weil er seit_Langem grandios_war und Attraktivität ausstrahlte.",Wer war seit Langem grandios?,Die Frau,den Rivalen,sie,er,J
nonamb,10,116,NP2,NP1-Causality,er,nonamb,"Der Passant bemerkte die Fremde, weil er in der Dämmerung hellhörig war und das Geräusch wahrnahm.",Wann war er hellhörig? (in der Dämmerung / immervort),noticed,ExpStim,7,844,0.55,-92,hellhörig,1.47,9,bemerkte,10.02,8,56.25,"Der_Passant bemerkte die_Fremde,
weil er in_der_Dämmerung hellhörig_war und das_Geräusch wahrnahm.",Wann war er hellhörig?,in der Dämmerung,immervort,er,er,F
nonamb,10,116,NP2,NP1-Causality,er,nonamb,"Der Passant bemerkte den Fremden, weil er in der Dämmerung hellhörig war und das Geräusch wahrnahm.",Wann war er hellhörig? (in der Dämmerung / immervort),noticed,ExpStim,7,844,0.55,-92,hellhörig,1.47,9,bemerkte,10.02,8,56.25,"Der_Passant bemerkte den_Fremden,
weil er in_der_Dämmerung hellhörig_war und das_Geräusch wahrnahm.",Wann war er hellhörig?,in der Dämmerung,immervort,er,er,F
nonamb,10,116,NP2,NP1-Causality,sie,nonamb,"Die Passantin bemerkte die Fremde, weil sie in der Dämmerung hellhörig war und das Geräusch wahrnahm.",Wann war sie hellhörig? (in der Dämmerung / immervort),noticed,ExpStim,7,844,0.55,-92,hellhörig,1.47,9,bemerkte,10.02,8,56.25,"Die_Passantin bemerkte die_Fremde,
weil sie in_der_Dämmerung hellhörig_war und das_Geräusch wahrnahm.",Wann war sie hellhörig?,in der Dämmerung,immervort,er,er,F
nonamb,10,116,NP2,NP1-Causality,sie,nonamb,"Die Passantin bemerkte den Fremden, weil sie in der Dämmerung hellhörig war und das Geräusch wahrnahm.",Wann war sie hellhörig? (in der Dämmerung / immervort),noticed,ExpStim,7,844,0.55,-92,hellhörig,1.47,9,bemerkte,10.02,8,56.25,"Die_Passantin bemerkte den_Fremden,
weil sie in_der_Dämmerung hellhörig_war und das_Geräusch wahrnahm.",Wann war sie hellhörig?,in der Dämmerung,immervort,er,er,F
nonamb,9,116,NP2,NP2-Causality,sie,nonamb,"Der Passant bemerkte die Fremde, weil sie in der Dämmerung auffällig war und Aufmerksamkeit erregte.",Wann war sie auffällig? (in der Dämmerung / immervort),noticed,ExpStim,7,844,0.55,-92,auffällig,16.14,9,bemerkte,10.02,8,56.25,"Der_Passant bemerkte die_Fremde,
weil sie in_der_Dämmerung auffällig_war und Aufmerksamkeit erregte.",Wann war sie auffällig?,in der Dämmerung,immervort,er,er,F
nonamb,9,116,NP2,NP2-Causality,er,nonamb,"Der Passant bemerkte den Fremden, weil er in der Dämmerung auffällig war und Aufmerksamkeit erregte.",Wann war er auffällig? (in der Dämmerung / immervort),noticed,ExpStim,7,844,0.55,-92,auffällig,16.14,9,bemerkte,10.02,8,56.25,"Der_Passant bemerkte den_Fremden,
weil er in_der_Dämmerung auffällig_war und Aufmerksamkeit erregte.",Wann war er auffällig?,in der Dämmerung,immervort,er,er,F
nonamb,9,116,NP2,NP2-Causality,sie,nonamb,"Die Passantin bemerkte die Fremde, weil sie in der Dämmerung auffällig war und Aufmerksamkeit erregte.",Wann war sie auffällig? (in der Dämmerung / immervort),noticed,ExpStim,7,844,0.55,-92,auffällig,16.14,9,bemerkte,10.02,8,56.25,"Die_Passantin bemerkte die_Fremde,
weil sie in_der_Dämmerung auffällig_war und Aufmerksamkeit erregte.",Wann war sie auffällig?,in der Dämmerung,immervort,er,er,F
nonamb,9,116,NP2,NP2-Causality,er,nonamb,"Die Passantin bemerkte den Fremden, weil er in der Dämmerung auffällig war und Aufmerksamkeit erregte.",Wann war er auffällig? (in der Dämmerung / immervort),noticed,ExpStim,7,844,0.55,-92,auffällig,16.14,9,bemerkte,10.02,8,56.25,"Die_Passantin bemerkte den_Fremden,
weil er in_der_Dämmerung auffällig_war und Aufmerksamkeit erregte.",Wann war er auffällig?,in der Dämmerung,immervort,er,er,F
nonamb,10,5,NP2,NP1-Causality,er,nonamb,"Der Liebhaber bewunderte die Komponistin, weil er von Anfang an verzaubert war und die Musik genoss.",Was genoss er? (die Musik / Schwindel),admired,ExpStim,7,74,2.0,-92,überzeugt,41.42,9,bewunderte,1.17,10,50.0,"Der_Liebhaber bewunderte die_Komponistin,
weil er von_Anfang_an verzaubert_war und die_Musik genoss.",Was genoss er?,die Musik,Schwindel,sie,er,F
nonamb,10,5,NP2,NP1-Causality,er,nonamb,"Der Liebhaber bewunderte den Komponist, weil er von Anfang an verzaubert war und die Musik genoss.",Was genoss er? (die Musik / Schwindel),admired,ExpStim,7,74,2.0,-92,überzeugt,41.42,9,bewunderte,1.17,10,50.0,"Der_Liebhaber bewunderte den_Komponist,
weil er von_Anfang_an verzaubert_war und die_Musik genoss.",Was genoss er?,die Musik,Schwindel,sie,er,F
nonamb,10,5,NP2,NP1-Causality,sie,nonamb,"Die Liebhaberin bewunderte die Komponistin, weil sie von Anfang an verzaubert war und die Musik genoss.",Was genoss sie? (die Musik / Schwindel),admired,ExpStim,7,74,2.0,-92,überzeugt,41.42,9,bewunderte,1.17,10,50.0,"Die_Liebhaberin bewunderte die_Komponistin,
weil sie von_Anfang_an verzaubert_war und die_Musik genoss.",Was genoss sie?,die Musik,Schwindel,sie,er,F
nonamb,10,5,NP2,NP1-Causality,sie,nonamb,"Die Liebhaberin bewunderte den Komponist, weil sie von Anfang an verzaubert war und die Musik genoss.",Was genoss sie? (die Musik / Schwindel),admired,ExpStim,7,74,2.0,-92,überzeugt,41.42,9,bewunderte,1.17,10,50.0,"Die_Liebhaberin bewunderte den_Komponist,
weil sie von_Anfang_an verzaubert_war und die_Musik genoss.",Was genoss sie?,die Musik,Schwindel,sie,er,F
nonamb,9,5,NP2,NP2-Causality,sie,nonamb,"Der Liebhaber bewunderte die Komponistin, weil sie von Anfang an talentiert war und Meisterwerke verfasste.",Was verfasste sie? (Meisterwerke / Schwindel),admired,ExpStim,7,74,2.0,-92,talentiert,2.73,10,bewunderte,1.17,10,50.0,"Der_Liebhaber bewunderte die_Komponistin,
weil sie von_Anfang_an talentiert_war und Meisterwerke verfasste.",Was verfasste sie?,Meisterwerke,Schwindel,er,er,F
nonamb,9,5,NP2,NP2-Causality,er,nonamb,"Der Liebhaber bewunderte den Komponist, weil er von Anfang an talentiert war und Meisterwerke verfasste.",Was verfasste er? (Meisterwerke / Schwindel),admired,ExpStim,7,74,2.0,-92,talentiert,2.73,10,bewunderte,1.17,10,50.0,"Der_Liebhaber bewunderte den_Komponist,
weil er von_Anfang_an talentiert_war und Meisterwerke verfasste.",Was verfasste er?,Meisterwerke,Schwindel,er,er,F
nonamb,9,5,NP2,NP2-Causality,sie,nonamb,"Die Liebhaberin bewunderte die Komponistin, weil sie von Anfang an talentiert war und Meisterwerke verfasste.",Was verfasste sie? (Meisterwerke / Schwindel),admired,ExpStim,7,74,2.0,-92,talentiert,2.73,10,bewunderte,1.17,10,50.0,"Die_Liebhaberin bewunderte die_Komponistin,
weil sie von_Anfang_an talentiert_war und Meisterwerke verfasste.",Was verfasste sie?,Meisterwerke,Schwindel,er,er,F
nonamb,9,5,NP2,NP2-Causality,er,nonamb,"Die Liebhaberin bewunderte den Komponist, weil er von Anfang an talentiert war und Meisterwerke verfasste.",Was verfasste er? (Meisterwerke / Schwindel),admired,ExpStim,7,74,2.0,-92,talentiert,2.73,10,bewunderte,1.17,10,50.0,"Die_Liebhaberin bewunderte den_Komponist,
weil er von_Anfang_an talentiert_war und Meisterwerke verfasste.",Was verfasste er?,Meisterwerke,Schwindel,er,er,F
nonamb,10,89,NP2,NP1-Causality,er,nonamb,"Der Angehörige dankte der Nonne, weil er bis zum Ende höflich war und Anstand bewahrte.",Was bewahrte er? (Anstand / die Aufklärung),thanked,AgEvo,7,37,2.31,-92,höflich,5.82,7,dankte,2.58,8,100.0,"Der_Angehörige dankte der_Nonne,
weil er bis_zum_Ende höflich_war und Anstand bewahrte.",Was bewahrte er?,Anstand,die Aufklärung,er,sie,F
nonamb,10,89,NP2,NP1-Causality,er,nonamb,"Der Angehörige dankte dem Mönch, weil er bis zum Ende höflich war und Anstand bewahrte.",Was bewahrte er? (Anstand / die Aufklärung),thanked,AgEvo,7,37,2.31,-92,höflich,5.82,7,dankte,2.58,8,100.0,"Der_Angehörige dankte dem_Mönch,
weil er bis_zum_Ende höflich_war und Anstand bewahrte.",Was bewahrte er?,Anstand,die Aufklärung,er,sie,F
nonamb,10,89,NP2,NP1-Causality,sie,nonamb,"Die Angehörige dankte der Nonne, weil sie bis zum Ende höflich war und Anstand bewahrte.",Was bewahrte sie? (Anstand / die Aufklärung),thanked,AgEvo,7,37,2.31,-92,höflich,5.82,7,dankte,2.58,8,100.0,"Die_Angehörige dankte der_Nonne,
weil sie bis_zum_Ende höflich_war und Anstand bewahrte.",Was bewahrte sie?,Anstand,die Aufklärung,er,sie,F
nonamb,10,89,NP2,NP1-Causality,sie,nonamb,"Die Angehörige dankte dem Mönch, weil sie bis zum Ende höflich war und Anstand bewahrte.",Was bewahrte sie? (Anstand / die Aufklärung),thanked,AgEvo,7,37,2.31,-92,höflich,5.82,7,dankte,2.58,8,100.0,"Die_Angehörige dankte dem_Mönch,
weil sie bis_zum_Ende höflich_war und Anstand bewahrte.",Was bewahrte sie?,Anstand,die Aufklärung,er,sie,F
nonamb,9,89,NP2,NP2-Causality,sie,nonamb,"Der Angehörige dankte der Nonne, weil sie bis zum Ende gütig war und Mitgefühl zeigte.",Was zeigte sie? (Mitgefühl / die Aufklärung),thanked,AgEvo,7,37,2.31,-92,gütig,2.94,5,dankte,2.58,8,100.0,"Der_Angehörige dankte der_Nonne,
weil sie bis_zum_Ende gütig_war und Mitgefühl zeigte.",Was zeigte sie?,Mitgefühl,die Aufklärung,er,sie,F
nonamb,9,89,NP2,NP2-Causality,er,nonamb,"Der Angehörige dankte dem Mönch, weil er bis zum Ende gütig war und Mitgefühl zeigte.",Was zeigte er? (Mitgefühl / die Aufklärung),thanked,AgEvo,7,37,2.31,-92,gütig,2.94,5,dankte,2.58,8,100.0,"Der_Angehörige dankte dem_Mönch,
weil er bis_zum_Ende gütig_war und Mitgefühl zeigte.",Was zeigte er?,Mitgefühl,die Aufklärung,er,sie,F
nonamb,9,89,NP2,NP2-Causality,sie,nonamb,"Die Angehörige dankte der Nonne, weil sie bis zum Ende gütig war und Mitgefühl zeigte.",Was zeigte sie? (Mitgefühl / die Aufklärung),thanked,AgEvo,7,37,2.31,-92,gütig,2.94,5,dankte,2.58,8,100.0,"Die_Angehörige dankte der_Nonne,
weil sie bis_zum_Ende gütig_war und Mitgefühl zeigte.",Was zeigte sie?,Mitgefühl,die Aufklärung,er,sie,F
nonamb,9,89,NP2,NP2-Causality,er,nonamb,"Die Angehörige dankte dem Mönch, weil er bis zum Ende gütig war und Mitgefühl zeigte.",Was zeigte er? (Mitgefühl / die Aufklärung),thanked,AgEvo,7,37,2.31,-92,gütig,2.94,5,dankte,2.58,8,100.0,"Die_Angehörige dankte dem_Mönch,
weil er bis_zum_Ende gütig_war und Mitgefühl zeigte.",Was zeigte er?,Mitgefühl,die Aufklärung,er,sie,F
nonamb,10,107,NP2,NP1-Causality,er,nonamb,"Der Vater trug die Tochter, weil er nachmittags energetisch war und die Zeit drängte.",Wann war er energetisch? (nachmittags / seit Jahren),carried,AgP,7,0,0.09,-92,kräftig,31.54,7,trug,22.4,4,68.75,"Der_Vater trug die_Tochter,
weil er nachmittags energetisch_war und die_Zeit drängte.",Wann war er energetisch?,nachmittags,seit Jahren,er,er,F
nonamb,10,107,NP2,NP1-Causality,er,nonamb,"Der Vater trug den Sohn, weil er nachmittags energetisch war und die Zeit drängte.",Wann war er energetisch? (nachmittags / seit Jahren),carried,AgP,7,0,0.09,-92,kräftig,31.54,7,trug,22.4,4,68.75,"Der_Vater trug den_Sohn,
weil er nachmittags energetisch_war und die_Zeit drängte.",Wann war er energetisch?,nachmittags,seit Jahren,er,er,F
nonamb,10,107,NP2,NP1-Causality,sie,nonamb,"Die Mutter trug die Tochter, weil sie nachmittags energetisch war und die Zeit drängte.",Wann war sie energetisch? (nachmittags / seit Jahren),carried,AgP,7,0,0.09,-92,kräftig,31.54,7,trug,22.4,4,68.75,"Die_Mutter trug die_Tochter,
weil sie nachmittags energetisch_war und die_Zeit drängte.",Wann war sie energetisch?,nachmittags,seit Jahren,er,er,F
nonamb,10,107,NP2,NP1-Causality,sie,nonamb,"Die Mutter trug den Sohn, weil sie nachmittags energetisch war und die Zeit drängte.",Wann war sie energetisch? (nachmittags / seit Jahren),carried,AgP,7,0,0.09,-92,kräftig,31.54,7,trug,22.4,4,68.75,"Die_Mutter trug den_Sohn,
weil sie nachmittags energetisch_war und die_Zeit drängte.",Wann war sie energetisch?,nachmittags,seit Jahren,er,er,F
nonamb,9,107,NP2,NP2-Causality,sie,nonamb,"Der Vater trug die Tochter, weil sie nachmittags erschöpft war und die Unterstützung brauchte.",Wann war sie erschöpft? (nachmittags / seit Jahren),carried,AgP,7,0,0.09,-92,erschöpft,10.12,9,trug,22.4,4,68.75,"Der_Vater trug die_Tochter,
weil sie nachmittags erschöpft_war und die_Unterstützung brauchte.",Wann war sie erschöpft?,nachmittags,seit Jahren,er,er,F
nonamb,9,107,NP2,NP2-Causality,er,nonamb,"Der Vater trug den Sohn, weil er nachmittags erschöpft war und die Unterstützung brauchte.",Wann war er erschöpft? (nachmittags / seit Jahren),carried,AgP,7,0,0.09,-92,erschöpft,10.12,9,trug,22.4,4,68.75,"Der_Vater trug den_Sohn,
weil er nachmittags erschöpft_war und die_Unterstützung brauchte.",Wann war er erschöpft?,nachmittags,seit Jahren,er,er,F
nonamb,9,107,NP2,NP2-Causality,sie,nonamb,"Die Mutter trug die Tochter, weil sie nachmittags erschöpft war und die Unterstützung brauchte.",Wann war sie erschöpft? (nachmittags / seit Jahren),carried,AgP,7,0,0.09,-92,erschöpft,10.12,9,trug,22.4,4,68.75,"Die_Mutter trug die_Tochter,
weil sie nachmittags erschöpft_war und die_Unterstützung brauchte.",Wann war sie erschöpft?,nachmittags,seit Jahren,er,er,F
nonamb,9,107,NP2,NP2-Causality,er,nonamb,"Die Mutter trug den Sohn, weil er nachmittags erschöpft war und die Unterstützung brauchte.",Wann war er erschöpft? (nachmittags / seit Jahren),carried,AgP,7,0,0.09,-92,erschöpft,10.12,9,trug,22.4,4,68.75,"Die_Mutter trug den_Sohn,
weil er nachmittags erschöpft_war und die_Unterstützung brauchte.",Wann war er erschöpft?,nachmittags,seit Jahren,er,er,F
nonamb,10,83,NP2,NP1-Causality,er,nonamb,"Der Jugendliche hasste die Lehrerin, weil er das ganze Jahr aktiv war und Demütigungen erlebte.",Wer hasste die Lehrerin? (Der Jugendliche / Der Makler),hated,ExpStim,5,263,-2.55,-91,verletzt,50.64,8,hasste,0.91,6,100.0,"Der_Jugendliche hasste die_Lehrerin,
weil er das_ganze_Jahr aktiv_war und Demütigungen erlebte.",Wer hasste die Lehrerin?,Der Jugendliche,Der Makler,er,er,F
nonamb,10,83,NP2,NP1-Causality,er,nonamb,"Der Jugendliche hasste den Lehrer, weil er das ganze Jahr aktiv war und Demütigungen erlebte.",Wer hasste den Lehrer? (Der Jugendliche / Der Akrobat),hated,ExpStim,5,263,-2.55,-91,verletzt,50.64,8,hasste,0.91,6,100.0,"Der_Jugendliche hasste den_Lehrer,
weil er das_ganze_Jahr aktiv_war und Demütigungen erlebte.",Wer hasste den Lehrer?,Der Jugendliche,Der Akrobat,er,er,F
nonamb,10,83,NP2,NP1-Causality,sie,nonamb,"Die Jugendliche hasste die Lehrerin, weil sie das ganze Jahr aktiv war und Demütigungen erlebte.",Wer hasste die Lehrerin? (Die Jugendliche / Die Schäferhündin),hated,ExpStim,5,263,-2.55,-91,verletzt,50.64,8,hasste,0.91,6,100.0,"Die_Jugendliche hasste die_Lehrerin,
weil sie das_ganze_Jahr aktiv_war und Demütigungen erlebte.",Wer hasste die Lehrerin?,Die Jugendliche,Die Schäferhündin,sie,sie,F
nonamb,10,83,NP2,NP1-Causality,sie,nonamb,"Die Jugendliche hasste den Lehrer, weil sie das ganze Jahr aktiv war und Demütigungen erlebte.",Wer hasste den Lehrer? (Die Jugendliche / Die Therapeutin),hated,ExpStim,5,263,-2.55,-91,verletzt,50.64,8,hasste,0.91,6,100.0,"Die_Jugendliche hasste den_Lehrer,
weil sie das_ganze_Jahr aktiv_war und Demütigungen erlebte.",Wer hasste den Lehrer?,Die Jugendliche,Die Therapeutin,sie,sie,F
nonamb,9,83,NP2,NP2-Causality,sie,nonamb,"Der Jugendliche hasste die Lehrerin, weil sie das ganze Jahr streng war und Geringschätzung zeigte.",Wer hasste die Lehrerin? (Der Jugendliche / Der Botaniker),hated,ExpStim,5,263,-2.55,-91,streng,39.98,6,hasste,0.91,6,100.0,"Der_Jugendliche hasste die_Lehrerin,
weil sie das_ganze_Jahr streng_war und Geringschätzung zeigte.",Wer hasste die Lehrerin?,Der Jugendliche,Der Botaniker,er,er,F
nonamb,9,83,NP2,NP2-Causality,er,nonamb,"Der Jugendliche hasste den Lehrer, weil er das ganze Jahr streng war und Geringschätzung zeigte.",Wer hasste den Lehrer? (Der Jugendliche / Der Judokämpfer),hated,ExpStim,5,263,-2.55,-91,streng,39.98,6,hasste,0.91,6,100.0,"Der_Jugendliche hasste den_Lehrer,
weil er das_ganze_Jahr streng_war und Geringschätzung zeigte.",Wer hasste den Lehrer?,Der Jugendliche,Der Judokämpfer,er,er,F
nonamb,9,83,NP2,NP2-Causality,sie,nonamb,"Die Jugendliche hasste die Lehrerin, weil sie das ganze Jahr streng war und Geringschätzung zeigte.",Wer hasste die Lehrerin? (Die Jugendliche / Die Enkelin),hated,ExpStim,5,263,-2.55,-91,streng,39.98,6,hasste,0.91,6,100.0,"Die_Jugendliche hasste die_Lehrerin,
weil sie das_ganze_Jahr streng_war und Geringschätzung zeigte.",Wer hasste die Lehrerin?,Die Jugendliche,Die Enkelin,sie,sie,F
nonamb,9,83,NP2,NP2-Causality,er,nonamb,"Die Jugendliche hasste den Lehrer, weil er das ganze Jahr streng war und Geringschätzung zeigte.",Wer hasste den Lehrer? (Die Jugendliche / Die Oma),hated,ExpStim,5,263,-2.55,-91,streng,39.98,6,hasste,0.91,6,100.0,"Die_Jugendliche hasste den_Lehrer,
weil er das_ganze_Jahr streng_war und Geringschätzung zeigte.",Wer hasste den Lehrer?,Die Jugendliche,Die Oma,sie,sie,F
nonamb,10,41,NP2,NP1-Causality,er,nonamb,"Der Kaiser mochte die Gladiatorin, weil er schon seit Langem schaulustig war und den Nervenkitzel genoss.",Wen mochte der Kaiser? (die Gladiatorin / die Nonne),liked,ExpStim,5,0,1.73,-91,mutig,13.77,5,mochte,5.94,6,18.75,"Der_Kaiser mochte die_Gladiatorin,
weil er schon_seit_Langem schaulustig_war und den_Nervenkitzel genoss.",Wen mochte der Kaiser?,die Gladiatorin,die Nonne,sie,sie,F
nonamb,10,41,NP2,NP1-Causality,er,nonamb,"Der Kaiser mochte den Gladiator, weil er schon seit Langem schaulustig war und den Nervenkitzel genoss.",Wen mochte der Kaiser? (den Gladiator / den Prinzen),liked,ExpStim,5,0,1.73,-91,mutig,13.77,5,mochte,5.94,6,18.75,"Der_Kaiser mochte den_Gladiator,
weil er schon_seit_Langem schaulustig_war und den_Nervenkitzel genoss.",Wen mochte der Kaiser?,den Gladiator,den Prinzen,er,er,F
nonamb,10,41,NP2,NP1-Causality,sie,nonamb,"Die Kaiserin mochte die Gladiatorin, weil sie schon seit Langem schaulustig war und den Nervenkitzel genoss.",Wen mochte die Kaiserin? (die Gladiatorin / die Kuh),liked,ExpStim,5,0,1.73,-91,mutig,13.77,5,mochte,5.94,6,18.75,"Die_Kaiserin mochte die_Gladiatorin,
weil sie schon_seit_Langem schaulustig_war und den_Nervenkitzel genoss.",Wen mochte die Kaiserin?,die Gladiatorin,die Kuh,sie,sie,F
nonamb,10,41,NP2,NP1-Causality,sie,nonamb,"Die Kaiserin mochte den Gladiator, weil sie schon seit Langem schaulustig war und den Nervenkitzel genoss.",Wen mochte die Kaiserin? (den Gladiator / den Patient),liked,ExpStim,5,0,1.73,-91,mutig,13.77,5,mochte,5.94,6,18.75,"Die_Kaiserin mochte den_Gladiator,
weil sie schon_seit_Langem schaulustig_war und den_Nervenkitzel genoss.",Wen mochte die Kaiserin?,den Gladiator,den Patient,er,er,F
nonamb,9,41,NP2,NP2-Causality,sie,nonamb,"Der Kaiser mochte die Gladiatorin, weil sie schon seit Langem mutig war und Gewandheit zeigte.",Wen mochte der Kaiser? (die Gladiatorin / die Bestatterin),liked,ExpStim,5,0,1.73,-91,schaulustig,0.07,11,mochte,5.94,6,18.75,"Der_Kaiser mochte die_Gladiatorin,
weil sie schon_seit_Langem mutig_war und Gewandheit zeigte.",Wen mochte der Kaiser?,die Gladiatorin,die Bestatterin,sie,sie,F
nonamb,9,41,NP2,NP2-Causality,er,nonamb,"Der Kaiser mochte den Gladiator, weil er schon seit Langem mutig war und Gewandheit zeigte.",Wen mochte der Kaiser? (den Gladiator / den Vater),liked,ExpStim,5,0,1.73,-91,schaulustig,0.07,11,mochte,5.94,6,18.75,"Der_Kaiser mochte den_Gladiator,
weil er schon_seit_Langem mutig_war und Gewandheit zeigte.",Wen mochte der Kaiser?,den Gladiator,den Vater,er,er,F
nonamb,9,41,NP2,NP2-Causality,sie,nonamb,"Die Kaiserin mochte die Gladiatorin, weil sie schon seit Langem mutig war und Gewandheit zeigte.",Wen mochte die Kaiserin? (die Gladiatorin / die Patientin),liked,ExpStim,5,0,1.73,-91,schaulustig,0.07,11,mochte,5.94,6,18.75,"Die_Kaiserin mochte die_Gladiatorin,
weil sie schon_seit_Langem mutig_war und Gewandheit zeigte.",Wen mochte die Kaiserin?,die Gladiatorin,die Patientin,sie,sie,F
nonamb,9,41,NP2,NP2-Causality,er,nonamb,"Die Kaiserin mochte den Gladiator, weil er schon seit Langem mutig war und Gewandheit zeigte.",Wen mochte die Kaiserin? (den Gladiator / den Bullen),liked,ExpStim,5,0,1.73,-91,schaulustig,0.07,11,mochte,5.94,6,18.75,"Die_Kaiserin mochte den_Gladiator,
weil er schon_seit_Langem mutig_war und Gewandheit zeigte.",Wen mochte die Kaiserin?,den Gladiator,den Bullen,er,er,F
nonamb,10,30,NP2,NP1-Causality,er,nonamb,"Der Trainer bevorzugte die Spielerin, weil er immer wieder parteiisch war und Vorteile einräumte.",Wann war er parteiisch? (immer wieder / seit Längerem),favoured,ExpStim,8,995,1.27,-89,verliebt,11.94,8,bevorzugte,3.6,10,93.75,"Der_Trainer bevorzugte die_Spielerin,
weil er immer_wieder parteiisch_war und Vorteile einräumte.",Wann war er parteiisch?,immer wieder,seit Längerem,er,er,F
nonamb,10,30,NP2,NP1-Causality,er,nonamb,"Der Trainer bevorzugte den Spieler, weil er immer wieder parteiisch war und Vorteile einräumte.",Wann war er parteiisch? (immer wieder / seit Längerem),favoured,ExpStim,8,995,1.27,-89,verliebt,11.94,8,bevorzugte,3.6,10,93.75,"Der_Trainer bevorzugte den_Spieler,
weil er immer_wieder parteiisch_war und Vorteile einräumte.",Wann war er parteiisch?,immer wieder,seit Längerem,er,er,F
nonamb,10,30,NP2,NP1-Causality,sie,nonamb,"Die Trainerin bevorzugte die Spielerin, weil sie immer wieder parteiisch war und Vorteile einräumte.",Wann war sie parteiisch? (immer wieder / seit Längerem),favoured,ExpStim,8,995,1.27,-89,verliebt,11.94,8,bevorzugte,3.6,10,93.75,"Die_Trainerin bevorzugte die_Spielerin,
weil sie immer_wieder parteiisch_war und Vorteile einräumte.",Wann war sie parteiisch?,immer wieder,seit Längerem,er,er,F
nonamb,10,30,NP2,NP1-Causality,sie,nonamb,"Die Trainerin bevorzugte den Spieler, weil sie immer wieder parteiisch war und Vorteile einräumte.",Wann war sie parteiisch? (immer wieder / seit Längerem),favoured,ExpStim,8,995,1.27,-89,verliebt,11.94,8,bevorzugte,3.6,10,93.75,"Die_Trainerin bevorzugte den_Spieler,
weil sie immer_wieder parteiisch_war und Vorteile einräumte.",Wann war sie parteiisch?,immer wieder,seit Längerem,er,er,F
nonamb,9,30,NP2,NP2-Causality,sie,nonamb,"Der Trainer bevorzugte die Spielerin, weil sie immer wieder siegreich war und Erfolgre einfuhr.",Wann war sie siegreich? (immer wieder / seit Längerem),favoured,ExpStim,8,995,1.27,-89,gewinnbringend,2.45,14,bevorzugte,3.6,10,93.75,"Der_Trainer bevorzugte die_Spielerin,
weil sie immer_wieder siegreich_war und Erfolgre einfuhr.",Wann war sie siegreich?,immer wieder,seit Längerem,er,er,F
nonamb,9,30,NP2,NP2-Causality,er,nonamb,"Der Trainer bevorzugte den Spieler, weil er immer wieder siegreich war und Erfolgre einfuhr.",Wann war er siegreich? (immer wieder / seit Längerem),favoured,ExpStim,8,995,1.27,-89,gewinnbringend,2.45,14,bevorzugte,3.6,10,93.75,"Der_Trainer bevorzugte den_Spieler,
weil er immer_wieder siegreich_war und Erfolgre einfuhr.",Wann war er siegreich?,immer wieder,seit Längerem,er,er,F
nonamb,9,30,NP2,NP2-Causality,sie,nonamb,"Die Trainerin bevorzugte die Spielerin, weil sie immer wieder siegreich war und Erfolgre einfuhr.",Wann war sie siegreich? (immer wieder / seit Längerem),favoured,ExpStim,8,995,1.27,-89,gewinnbringend,2.45,14,bevorzugte,3.6,10,93.75,"Die_Trainerin bevorzugte die_Spielerin,
weil sie immer_wieder siegreich_war und Erfolgre einfuhr.",Wann war sie siegreich?,immer wieder,seit Längerem,er,er,F
nonamb,9,30,NP2,NP2-Causality,er,nonamb,"Die Trainerin bevorzugte den Spieler, weil er immer wieder siegreich war und Erfolgre einfuhr.",Wann war er siegreich? (immer wieder / seit Längerem),favoured,ExpStim,8,995,1.27,-89,gewinnbringend,2.45,14,bevorzugte,3.6,10,93.75,"Die_Trainerin bevorzugte den_Spieler,
weil er immer_wieder siegreich_war und Erfolgre einfuhr.",Wann war er siegreich?,immer wieder,seit Längerem,er,er,F
nonamb,10,53,NP2,NP1-Causality,er,nonamb,"Der Anführer lobte die Kriegerin, weil er von Anfang an anerkennend war und die Stärke bewunderte.",Wer lobte die Kriegerin? (Der Anführer / Der Bauer),praised,AgEvo,7,226,1.82,-87,anerkennend,1.13,11,lobte,4.7,5,93.75,"Der_Anführer lobte die_Kriegerin,
weil er von_Anfang_an anerkennend_war und die_Stärke bewunderte.",Wer lobte die Kriegerin?,Der Anführer,Der Bauer,er,er,F
nonamb,10,53,NP2,NP1-Causality,er,nonamb,"Der Anführer lobte den Krieger, weil er von Anfang an anerkennend war und die Stärke bewunderte.",Wer lobte den Krieger? (Der Anführer / Der Richter),praised,AgEvo,7,226,1.82,-87,anerkennend,1.13,11,lobte,4.7,5,93.75,"Der_Anführer lobte den_Krieger,
weil er von_Anfang_an anerkennend_war und die_Stärke bewunderte.",Wer lobte den Krieger?,Der Anführer,Der Richter,er,er,F
nonamb,10,53,NP2,NP1-Causality,sie,nonamb,"Die Anführerin lobte die Kriegerin, weil sie von Anfang an anerkennend war und die Stärke bewunderte.",Wer lobte die Kriegerin? (Die Anführerin / die Politikerin),praised,AgEvo,7,226,1.82,-87,anerkennend,1.13,11,lobte,4.7,5,93.75,"Die_Anführerin lobte die_Kriegerin,
weil sie von_Anfang_an anerkennend_war und die_Stärke bewunderte.",Wer lobte die Kriegerin?,Die Anführerin,die Politikerin,sie,sie,F
nonamb,10,53,NP2,NP1-Causality,sie,nonamb,"Die Anführerin lobte den Krieger, weil sie von Anfang an anerkennend war und die Stärke bewunderte.",Wer lobte den Krieger? (Die Anführerin / Die Hündin),praised,AgEvo,7,226,1.82,-87,anerkennend,1.13,11,lobte,4.7,5,93.75,"Die_Anführerin lobte den_Krieger,
weil sie von_Anfang_an anerkennend_war und die_Stärke bewunderte.",Wer lobte den Krieger?,Die Anführerin,Die Hündin,sie,sie,F
nonamb,9,53,NP2,NP2-Causality,sie,nonamb,"Der Anführer lobte die Kriegerin, weil sie von Anfang an tapfer war und die Gefahr abwand.",Wer lobte die Kriegerin? (Der Anführer / Der Makler),praised,AgEvo,7,226,1.82,-87,tapfer,6.05,6,lobte,4.7,5,93.75,"Der_Anführer lobte die_Kriegerin,
weil sie von_Anfang_an tapfer_war und die_Gefahr abwand.",Wer lobte die Kriegerin?,Der Anführer,Der Makler,er,er,F
nonamb,9,53,NP2,NP2-Causality,er,nonamb,"Der Anführer lobte den Krieger, weil er von Anfang an tapfer war und die Gefahr abwand.",Wer lobte den Krieger? (Der Anführer / Der Freund),praised,AgEvo,7,226,1.82,-87,tapfer,6.05,6,lobte,4.7,5,93.75,"Der_Anführer lobte den_Krieger,
weil er von_Anfang_an tapfer_war und die_Gefahr abwand.",Wer lobte den Krieger?,Der Anführer,Der Freund,er,er,F
nonamb,9,53,NP2,NP2-Causality,sie,nonamb,"Die Anführerin lobte die Kriegerin, weil sie von Anfang an tapfer war und die Gefahr abwand.",Wer lobte die Kriegerin? (Die Anführerin / Die Assistentin),praised,AgEvo,7,226,1.82,-87,tapfer,6.05,6,lobte,4.7,5,93.75,"Die_Anführerin lobte die_Kriegerin,
weil sie von_Anfang_an tapfer_war und die_Gefahr abwand.",Wer lobte die Kriegerin?,Die Anführerin,Die Assistentin,sie,sie,F
nonamb,9,53,NP2,NP2-Causality,er,nonamb,"Die Anführerin lobte den Krieger, weil er von Anfang an tapfer war und die Gefahr abwand.",Wer lobte den Krieger? (Die Anführerin / Die Soldatin),praised,AgEvo,7,226,1.82,-87,tapfer,6.05,6,lobte,4.7,5,93.75,"Die_Anführerin lobte den_Krieger,
weil er von_Anfang_an tapfer_war und die_Gefahr abwand.",Wer lobte den Krieger?,Die Anführerin,Die Soldatin,sie,sie,F
nonamb,9,18,NP2,NP1-Causality,er,nonamb,"Der Senior verachtete die Dame, weil er an dem Abend gekrängt war und Demütigung erfuhr.",Was erfuhr er? (Demütigung / die Richtlinien),despised,ExpStim,8,23,-2.82,-87,vulgär,0.91,6,verachtete,0.71,8,75.0,"Der_Senior verachtete die_Dame,
weil er an_dem_Abend gekrängt_war und Demütigung erfuhr.",Was erfuhr er?,Demütigung,die Richtlinien,er,sie,F
nonamb,9,18,NP2,NP1-Causality,er,nonamb,"Der Senior verachtete den Herren, weil er an dem Abend gekrängt war und Demütigung erfuhr.",Was erfuhr er? (Demütigung / die Richtlinien),despised,ExpStim,8,23,-2.82,-87,vulgär,0.91,6,verachtete,0.71,8,75.0,"Der_Senior verachtete den_Herren,
weil er an_dem_Abend gekrängt_war und Demütigung erfuhr.",Was erfuhr er?,Demütigung,die Richtlinien,er,sie,F
nonamb,9,18,NP2,NP1-Causality,sie,nonamb,"Die Seniorin verachtete die Dame, weil sie an dem Abend gekrängt war und Demütigung erfuhr.",Was erfuhr sie? (Demütigung / die Richtlinien),despised,ExpStim,8,23,-2.82,-87,vulgär,0.91,6,verachtete,0.71,8,75.0,"Die_Seniorin verachtete die_Dame,
weil sie an_dem_Abend gekrängt_war und Demütigung erfuhr.",Was erfuhr sie?,Demütigung,die Richtlinien,er,sie,F
nonamb,9,18,NP2,NP1-Causality,sie,nonamb,"Die Seniorin verachtete den Herren, weil sie an dem Abend gekrängt war und Demütigung erfuhr.",Was erfuhr sie? (Demütigung / die Richtlinien),despised,ExpStim,8,23,-2.82,-87,vulgär,0.91,6,verachtete,0.71,8,75.0,"Die_Seniorin verachtete den_Herren,
weil sie an_dem_Abend gekrängt_war und Demütigung erfuhr.",Was erfuhr sie?,Demütigung,die Richtlinien,er,sie,F
nonamb,10,18,NP2,NP2-Causality,sie,nonamb,"Der Senior verachtete die Dame, weil sie an dem Abend vulgär war und Missgunst kommunizierte.",Was kommunizierte sie? (Missgunst / die Richtlinien),despised,ExpStim,8,23,-2.82,-87,Anstand,3.01,7,verachtete,0.71,8,75.0,"Der_Senior verachtete die_Dame,
weil sie an_dem_Abend vulgär_war und Missgunst kommunizierte.",Was kommunizierte sie?,Missgunst,die Richtlinien,er,sie,F
nonamb,10,18,NP2,NP2-Causality,er,nonamb,"Der Senior verachtete den Herren, weil er an dem Abend vulgär war und Missgunst kommunizierte.",Was kommunizierte er? (Missgunst / die Richtlinien),despised,ExpStim,8,23,-2.82,-87,Anstand,3.01,7,verachtete,0.71,8,75.0,"Der_Senior verachtete den_Herren,
weil er an_dem_Abend vulgär_war und Missgunst kommunizierte.",Was kommunizierte er?,Missgunst,die Richtlinien,er,sie,F
nonamb,10,18,NP2,NP2-Causality,sie,nonamb,"Die Seniorin verachtete die Dame, weil sie an dem Abend vulgär war und Missgunst kommunizierte.",Was kommunizierte sie? (Missgunst / die Richtlinien),despised,ExpStim,8,23,-2.82,-87,Anstand,3.01,7,verachtete,0.71,8,75.0,"Die_Seniorin verachtete die_Dame,
weil sie an_dem_Abend vulgär_war und Missgunst kommunizierte.",Was kommunizierte sie?,Missgunst,die Richtlinien,er,sie,F
nonamb,10,18,NP2,NP2-Causality,er,nonamb,"Die Seniorin verachtete den Herren, weil er an dem Abend vulgär war und Missgunst kommunizierte.",Was kommunizierte er? (Missgunst / die Richtlinien),despised,ExpStim,8,23,-2.82,-87,Anstand,3.01,7,verachtete,0.71,8,75.0,"Die_Seniorin verachtete den_Herren,
weil er an_dem_Abend vulgär_war und Missgunst kommunizierte.",Was kommunizierte er?,Missgunst,die Richtlinien,er,sie,F
nonamb,10,119,NP2,NP1-Causality,er,nonamb,"Der Versuchsleiter belohnte die Probandin, weil er seit kurzer Zeit dankbar war und den Einsatz schätzte.",Wen belohnte der Versuchsleiter? (die Probandin / der Nonne),rewarded,AgEvo,8,235,2.45,-85,dankbar,19.83,7,belohnte,0.35,8,87.5,"Der_Versuchsleiter belohnte die_Probandin,
weil er seit_kurzer_Zeit dankbar_war und den_Einsatz schätzte.",Wen belohnte der Versuchsleiter?,die Probandin,der Nonne,sie,er,F
nonamb,10,119,NP2,NP1-Causality,er,nonamb,"Der Versuchsleiter belohnte den Probanden, weil er seit kurzer Zeit dankbar war und den Einsatz schätzte.",Wen belohnte der Versuchsleiter? (den Probanden / der Besitzer),rewarded,AgEvo,8,235,2.45,-85,dankbar,19.83,7,belohnte,0.35,8,87.5,"Der_Versuchsleiter belohnte den_Probanden,
weil er seit_kurzer_Zeit dankbar_war und den_Einsatz schätzte.",Wen belohnte der Versuchsleiter?,den Probanden,der Besitzer,er,er,F
nonamb,10,119,NP2,NP1-Causality,sie,nonamb,"Die Versuchsleiterin belohnte die Probandin, weil sie seit kurzer Zeit dankbar war und den Einsatz schätzte.",Wen belohnte die Versuchsleiterin? (die Probandin / die Anwohnerin),rewarded,AgEvo,8,235,2.45,-85,dankbar,19.83,7,belohnte,0.35,8,87.5,"Die_Versuchsleiterin belohnte die_Probandin,
weil sie seit_kurzer_Zeit dankbar_war und den_Einsatz schätzte.",Wen belohnte die Versuchsleiterin?,die Probandin,die Anwohnerin,sie,sie,F
nonamb,10,119,NP2,NP1-Causality,sie,nonamb,"Die Versuchsleiterin belohnte den Probanden, weil sie seit kurzer Zeit dankbar war und den Einsatz schätzte.",Wen belohnte die Versuchsleiterin? (den Probanden / den Referenten),rewarded,AgEvo,8,235,2.45,-85,dankbar,19.83,7,belohnte,0.35,8,87.5,"Die_Versuchsleiterin belohnte den_Probanden,
weil sie seit_kurzer_Zeit dankbar_war und den_Einsatz schätzte.",Wen belohnte die Versuchsleiterin?,den Probanden,den Referenten,er,er,F
nonamb,9,119,NP2,NP2-Causality,sie,nonamb,"Der Versuchsleiter belohnte die Probandin, weil sie seit kurzer Zeit aufmerksam war und Daten lieferte.",Wen belohnte der Versuchsleiter? (die Probandin / die Kundin),rewarded,AgEvo,8,235,2.45,-85,verwendbar,2.36,10,belohnte,0.35,8,87.5,"Der_Versuchsleiter belohnte die_Probandin,
weil sie seit_kurzer_Zeit aufmerksam_war und Daten lieferte.",Wen belohnte der Versuchsleiter?,die Probandin,die Kundin,sie,sie,F
nonamb,9,119,NP2,NP2-Causality,er,nonamb,"Der Versuchsleiter belohnte den Probanden, weil er seit kurzer Zeit aufmerksam war und Daten lieferte.",Wen belohnte der Versuchsleiter? (den Probanden / den Prinzen),rewarded,AgEvo,8,235,2.45,-85,verwendbar,2.36,10,belohnte,0.35,8,87.5,"Der_Versuchsleiter belohnte den_Probanden,
weil er seit_kurzer_Zeit aufmerksam_war und Daten lieferte.",Wen belohnte der Versuchsleiter?,den Probanden,den Prinzen,er,er,F
nonamb,9,119,NP2,NP2-Causality,sie,nonamb,"Die Versuchsleiterin belohnte die Probandin, weil sie seit kurzer Zeit aufmerksam war und Daten lieferte.",Wen belohnte die Versuchsleiterin? (die Probandin / die Zuhörerin),rewarded,AgEvo,8,235,2.45,-85,verwendbar,2.36,10,belohnte,0.35,8,87.5,"Die_Versuchsleiterin belohnte die_Probandin,
weil sie seit_kurzer_Zeit aufmerksam_war und Daten lieferte.",Wen belohnte die Versuchsleiterin?,die Probandin,die Zuhörerin,sie,sie,F
nonamb,9,119,NP2,NP2-Causality,er,nonamb,"Die Versuchsleiterin belohnte den Probanden, weil er seit kurzer Zeit aufmerksam war und Daten lieferte.",Wen belohnte die Versuchsleiterin? (den Probanden / den Mönch),rewarded,AgEvo,8,235,2.45,-85,verwendbar,2.36,10,belohnte,0.35,8,87.5,"Die_Versuchsleiterin belohnte den_Probanden,
weil er seit_kurzer_Zeit aufmerksam_war und Daten lieferte.",Wen belohnte die Versuchsleiterin?,den Probanden,den Mönch,er,er,F
nonamb,10,32,NP2,NP1-Causality,er,nonamb,"Der Landwirt fürchtete die Politikerin, weil er schon immer misstrauischg war und Regularien verachtete.",Was verachtete er? (Regularien / Unhöflichkeit),feared,ExpStim,6,106,-2.09,-85,bodenständig,1.58,12,fürchtete,2.98,9,12.5,"Der_Landwirt fürchtete die_Politikerin,
weil er schon_immer misstrauischg_war und Regularien verachtete.",Was verachtete er?,Regularien,Unhöflichkeit,er,er,F
nonamb,10,32,NP2,NP1-Causality,er,nonamb,"Der Landwirt fürchtete den Politiker, weil er schon immer misstrauischg war und Regularien verachtete.",Was verachtete er? (Regularien / Unhöflichkeit),feared,ExpStim,6,106,-2.09,-85,bodenständig,1.58,12,fürchtete,2.98,9,12.5,"Der_Landwirt fürchtete den_Politiker,
weil er schon_immer misstrauischg_war und Regularien verachtete.",Was verachtete er?,Regularien,Unhöflichkeit,er,er,F
nonamb,10,32,NP2,NP1-Causality,sie,nonamb,"Die Landwirtin fürchtete die Politikerin, weil sie schon immer misstrauischg war und Regularien verachtete.",Was verachtete sie? (Regularien / Unhöflichkeit),feared,ExpStim,6,106,-2.09,-85,bodenständig,1.58,12,fürchtete,2.98,9,12.5,"Die_Landwirtin fürchtete die_Politikerin,
weil sie schon_immer misstrauischg_war und Regularien verachtete.",Was verachtete sie?,Regularien,Unhöflichkeit,er,er,F
nonamb,10,32,NP2,NP1-Causality,sie,nonamb,"Die Landwirtin fürchtete den Politiker, weil sie schon immer misstrauischg war und Regularien verachtete.",Was verachtete sie? (Regularien / Unhöflichkeit),feared,ExpStim,6,106,-2.09,-85,bodenständig,1.58,12,fürchtete,2.98,9,12.5,"Die_Landwirtin fürchtete den_Politiker,
weil sie schon_immer misstrauischg_war und Regularien verachtete.",Was verachtete sie?,Regularien,Unhöflichkeit,er,er,F
nonamb,9,32,NP2,NP2-Causality,sie,nonamb,"Der Landwirt fürchtete die Politikerin, weil sie schon immer opportunistisch war und die Lage ausnutzte.",Was nutzte sie aus? (die Lage / Unhöflichkeit),feared,ExpStim,6,106,-2.09,-85,opportunistisch,1.21,15,fürchtete,2.98,9,12.5,"Der_Landwirt fürchtete die_Politikerin,
weil sie schon_immer opportunistisch_war und die_Lage ausnutzte.",Was nutzte sie aus?,die Lage,Unhöflichkeit,sie,er,F
nonamb,9,32,NP2,NP2-Causality,er,nonamb,"Der Landwirt fürchtete den Politiker, weil er schon immer opportunistisch war und die Lage ausnutzte.",Was nutzte er aus? (die Lage / Unhöflichkeit),feared,ExpStim,6,106,-2.09,-85,opportunistisch,1.21,15,fürchtete,2.98,9,12.5,"Der_Landwirt fürchtete den_Politiker,
weil er schon_immer opportunistisch_war und die_Lage ausnutzte.",Was nutzte er aus?,die Lage,Unhöflichkeit,sie,er,F
nonamb,9,32,NP2,NP2-Causality,sie,nonamb,"Die Landwirtin fürchtete die Politikerin, weil sie schon immer opportunistisch war und die Lage ausnutzte.",Was nutzte sie aus? (die Lage / Unhöflichkeit),feared,ExpStim,6,106,-2.09,-85,opportunistisch,1.21,15,fürchtete,2.98,9,12.5,"Die_Landwirtin fürchtete die_Politikerin,
weil sie schon_immer opportunistisch_war und die_Lage ausnutzte.",Was nutzte sie aus?,die Lage,Unhöflichkeit,sie,er,F
nonamb,9,32,NP2,NP2-Causality,er,nonamb,"Die Landwirtin fürchtete den Politiker, weil er schon immer opportunistisch war und die Lage ausnutzte.",Was nutzte er aus? (die Lage / Unhöflichkeit),feared,ExpStim,6,106,-2.09,-85,opportunistisch,1.21,15,fürchtete,2.98,9,12.5,"Die_Landwirtin fürchtete den_Politiker,
weil er schon_immer opportunistisch_war und die_Lage ausnutzte.",Was nutzte er aus?,die Lage,Unhöflichkeit,sie,er,F
nonamb,10,113,NP2,NP1-Causality,er,nonamb,"Der Bauer fütterte die Kuh, weil er zu der Zeit fürsorglich war und die Aufgaben erledigte.",Wen fütterte der Bauer? (die Kuh / die Nonne),fed,AgP,3,283,1.09,-85,fürsorglich,1.5,11,fütterte,0.32,8,87.5,"Der_Bauer fütterte die_Kuh,
weil er zu_der_Zeit fürsorglich_war und die_Aufgaben erledigte.",Wen fütterte der Bauer?,die Kuh,die Nonne,sie,sie,F
nonamb,10,113,NP2,NP1-Causality,er,nonamb,"Der Bauer fütterte den Bullen, weil er zu der Zeit fürsorglich war und die Aufgaben erledigte.",Wen fütterte der Bauer? (den Bullen / mit dem Gegner),fed,AgP,3,283,1.09,-85,fürsorglich,1.5,11,fütterte,0.32,8,87.5,"Der_Bauer fütterte den_Bullen,
weil er zu_der_Zeit fürsorglich_war und die_Aufgaben erledigte.",Wen fütterte der Bauer?,den Bullen,mit dem Gegner,er,er,F
nonamb,10,113,NP2,NP1-Causality,sie,nonamb,"Die Bäuerin fütterte die Kuh, weil sie zu der Zeit fürsorglich war und die Aufgaben erledigte.",Wen fütterte die Bäuerin? (die Kuh / die Erntehelferin),fed,AgP,3,283,1.09,-85,fürsorglich,1.5,11,fütterte,0.32,8,87.5,"Die_Bäuerin fütterte die_Kuh,
weil sie zu_der_Zeit fürsorglich_war und die_Aufgaben erledigte.",Wen fütterte die Bäuerin?,die Kuh,die Erntehelferin,sie,sie,F
nonamb,10,113,NP2,NP1-Causality,sie,nonamb,"Die Bäuerin fütterte den Bullen, weil sie zu der Zeit fürsorglich war und die Aufgaben erledigte.",Wen fütterte die Bäuerin? (den Bullen / den Wissenschaftler),fed,AgP,3,283,1.09,-85,fürsorglich,1.5,11,fütterte,0.32,8,87.5,"Die_Bäuerin fütterte den_Bullen,
weil sie zu_der_Zeit fürsorglich_war und die_Aufgaben erledigte.",Wen fütterte die Bäuerin?,den Bullen,den Wissenschaftler,er,er,F
nonamb,9,113,NP2,NP2-Causality,sie,nonamb,"Der Bauer fütterte die Kuh, weil sie zu der Zeit hungrig war und eine Mahlzeit einforderte.",Wen fütterte der Bauer? (die Kuh / die Nachbarin),fed,AgP,3,283,1.09,-85,mager,5.0,5,fütterte,0.32,8,87.5,"Der_Bauer fütterte die_Kuh,
weil sie zu_der_Zeit hungrig_war und eine_Mahlzeit einforderte.",Wen fütterte der Bauer?,die Kuh,die Nachbarin,sie,sie,F
nonamb,9,113,NP2,NP2-Causality,er,nonamb,"Der Bauer fütterte den Bullen, weil er zu der Zeit hungrig war und eine Mahlzeit einforderte.",Wen fütterte der Bauer? (den Bullen / den Puppenspieler),fed,AgP,3,283,1.09,-85,mager,5.0,5,fütterte,0.32,8,87.5,"Der_Bauer fütterte den_Bullen,
weil er zu_der_Zeit hungrig_war und eine_Mahlzeit einforderte.",Wen fütterte der Bauer?,den Bullen,den Puppenspieler,er,er,F
nonamb,9,113,NP2,NP2-Causality,sie,nonamb,"Die Bäuerin fütterte die Kuh, weil sie zu der Zeit hungrig war und eine Mahlzeit einforderte.",Wen fütterte die Bäuerin? (die Kuh / die Reisende),fed,AgP,3,283,1.09,-85,mager,5.0,5,fütterte,0.32,8,87.5,"Die_Bäuerin fütterte die_Kuh,
weil sie zu_der_Zeit hungrig_war und eine_Mahlzeit einforderte.",Wen fütterte die Bäuerin?,die Kuh,die Reisende,sie,sie,F
nonamb,9,113,NP2,NP2-Causality,er,nonamb,"Die Bäuerin fütterte den Bullen, weil er zu der Zeit hungrig war und eine Mahlzeit einforderte.",Wen fütterte die Bäuerin? (den Bullen / den Mönch),fed,AgP,3,283,1.09,-85,mager,5.0,5,fütterte,0.32,8,87.5,"Die_Bäuerin fütterte den_Bullen,
weil er zu_der_Zeit hungrig_war und eine_Mahlzeit einforderte.",Wen fütterte die Bäuerin?,den Bullen,den Mönch,er,er,F
nonamb,10,6,NP2,NP1-Causality,er,nonamb,"Der Zuschauer beklatschte die Puppenspielerin, weil er während der Vorstellung begeistert war und die Bewegungen verfolgte.",Was tat der Zuschauer? (beklatschte die Puppenspielerin / beklatschte den Puppenspieler),applauded,AgEvo,9,12,1.82,-84,begeistert,34.48,10,beklatschte,0.03,11,37.5,"Der_Zuschauer beklatschte die_Puppenspielerin,
weil er während_der_Vorstellung begeistert_war und die_Bewegungen verfolgte.",Was tat der Zuschauer?,beklatschte die Puppenspielerin,beklatschte den Puppenspieler,sie,er,F
nonamb,10,6,NP2,NP1-Causality,er,nonamb,"Der Zuschauer beklatschte den Puppenspieler, weil er während der Vorstellung begeistert war und die Bewegungen verfolgte.",Was tat der Zuschauer? (beklatschte den Puppenspieler / beklatschte die Puppenspielerin),applauded,AgEvo,9,12,1.82,-84,begeistert,34.48,10,beklatschte,0.03,11,37.5,"Der_Zuschauer beklatschte den_Puppenspieler,
weil er während_der_Vorstellung begeistert_war und die_Bewegungen verfolgte.",Was tat der Zuschauer?,beklatschte den Puppenspieler,beklatschte die Puppenspielerin,er,sie,F
nonamb,10,6,NP2,NP1-Causality,sie,nonamb,"Die Zuschauerin beklatschte die Puppenspielerin, weil sie während der Vorstellung begeistert war und die Bewegungen verfolgte.",Was tat die Zuschauerin? (beklatschte die Puppenspielerin / beklatschte den Puppenspieler),applauded,AgEvo,9,12,1.82,-84,begeistert,34.48,10,beklatschte,0.03,11,37.5,"Die_Zuschauerin beklatschte die_Puppenspielerin,
weil sie während_der_Vorstellung begeistert_war und die_Bewegungen verfolgte.",Was tat die Zuschauerin?,beklatschte die Puppenspielerin,beklatschte den Puppenspieler,sie,er,F
nonamb,10,6,NP2,NP1-Causality,sie,nonamb,"Die Zuschauerin beklatschte den Puppenspieler, weil sie während der Vorstellung begeistert war und die Bewegungen verfolgte.",Was tat die Zuschauerin? (beklatschte den Puppenspieler / beklatschte die Puppenspielerin),applauded,AgEvo,9,12,1.82,-84,begeistert,34.48,10,beklatschte,0.03,11,37.5,"Die_Zuschauerin beklatschte den_Puppenspieler,
weil sie während_der_Vorstellung begeistert_war und die_Bewegungen verfolgte.",Was tat die Zuschauerin?,beklatschte den Puppenspieler,beklatschte die Puppenspielerin,er,sie,F
nonamb,9,6,NP2,NP2-Causality,sie,nonamb,"Der Zuschauer beklatschte die Puppenspielerin, weil sie während der Vorstellung großartig war und Kunststücke vollbrachte.",Was tat der Zuschauer? (beklatschte die Puppenspielerin / beklatschte den Puppenspieler),applauded,AgEvo,9,12,1.82,-84,großartig,19.01,10,beklatschte,0.03,11,37.5,"Der_Zuschauer beklatschte die_Puppenspielerin,
weil sie während_der_Vorstellung großartig_war und Kunststücke vollbrachte.",Was tat der Zuschauer?,beklatschte die Puppenspielerin,beklatschte den Puppenspieler,sie,er,F
nonamb,9,6,NP2,NP2-Causality,er,nonamb,"Der Zuschauer beklatschte den Puppenspieler, weil er während der Vorstellung großartig war und Kunststücke vollbrachte.",Was tat der Zuschauer? (beklatschte den Puppenspieler / beklatschte die Puppenspielerin),applauded,AgEvo,9,12,1.82,-84,großartig,19.01,10,beklatschte,0.03,11,37.5,"Der_Zuschauer beklatschte den_Puppenspieler,
weil er während_der_Vorstellung großartig_war und Kunststücke vollbrachte.",Was tat der Zuschauer?,beklatschte den Puppenspieler,beklatschte die Puppenspielerin,er,sie,F
nonamb,9,6,NP2,NP2-Causality,sie,nonamb,"Die Zuschauerin beklatschte die Puppenspielerin, weil sie während der Vorstellung großartig war und Kunststücke vollbrachte.",Was tat die Zuschauerin? (beklatschte die Puppenspielerin / beklatschte den Puppenspieler),applauded,AgEvo,9,12,1.82,-84,großartig,19.01,10,beklatschte,0.03,11,37.5,"Die_Zuschauerin beklatschte die_Puppenspielerin,
weil sie während_der_Vorstellung großartig_war und Kunststücke vollbrachte.",Was tat die Zuschauerin?,beklatschte die Puppenspielerin,beklatschte den Puppenspieler,sie,er,F
nonamb,9,6,NP2,NP2-Causality,er,nonamb,"Die Zuschauerin beklatschte den Puppenspieler, weil er während der Vorstellung großartig war und Kunststücke vollbrachte.",Was tat die Zuschauerin? (beklatschte den Puppenspieler / beklatschte die Puppenspielerin),applauded,AgEvo,9,12,1.82,-84,großartig,19.01,10,beklatschte,0.03,11,37.5,"Die_Zuschauerin beklatschte den_Puppenspieler,
weil er während_der_Vorstellung großartig_war und Kunststücke vollbrachte.",Was tat die Zuschauerin?,beklatschte den Puppenspieler,beklatschte die Puppenspielerin,er,sie,F
nonamb,10,71,NP2,NP1-Causality,er,nonamb,"Der Arzt bedauerte die Patientin, weil er an dem Tag machtlos war und die Situation auswegslos.",Wer war an dem Tag machtlos? (Der Arzt / die Patientin),pitied,ExpStim,6,512,-1.55,-83,machtlos,2.68,8,bedauerte,1.89,9,68.75,"Der_Arzt bedauerte die_Patientin,
weil er an_dem_Tag machtlos_war und die_Situation auswegslos.",Wer war an dem Tag machtlos?,Der Arzt,die Patientin,er,sie,F
nonamb,10,71,NP2,NP1-Causality,er,nonamb,"Der Arzt bedauerte den Patienten, weil er an dem Tag machtlos war und die Situation auswegslos.",Wer war an dem Tag machtlos? (Der Arzt / den Patienten),pitied,ExpStim,6,512,-1.55,-83,machtlos,2.68,8,bedauerte,1.89,9,68.75,"Der_Arzt bedauerte den_Patienten,
weil er an_dem_Tag machtlos_war und die_Situation auswegslos.",Wer war an dem Tag machtlos?,Der Arzt,den Patienten,er,er,F
nonamb,10,71,NP2,NP1-Causality,sie,nonamb,"Die Ärztin bedauerte die Patientin, weil sie an dem Tag machtlos war und die Situation auswegslos.",Wer war an dem Tag machtlos? (Die Ärztin / die Patientin),pitied,ExpStim,6,512,-1.55,-83,machtlos,2.68,8,bedauerte,1.89,9,68.75,"Die_Ärztin bedauerte die_Patientin,
weil sie an_dem_Tag machtlos_war und die_Situation auswegslos.",Wer war an dem Tag machtlos?,Die Ärztin,die Patientin,sie,sie,F
nonamb,10,71,NP2,NP1-Causality,sie,nonamb,"Die Ärztin bedauerte den Patienten, weil sie an dem Tag machtlos war und die Situation auswegslos.",Wer war an dem Tag machtlos? (Die Ärztin / den Patienten),pitied,ExpStim,6,512,-1.55,-83,machtlos,2.68,8,bedauerte,1.89,9,68.75,"Die_Ärztin bedauerte den_Patienten,
weil sie an_dem_Tag machtlos_war und die_Situation auswegslos.",Wer war an dem Tag machtlos?,Die Ärztin,den Patienten,sie,er,F
nonamb,9,71,NP2,NP2-Causality,sie,nonamb,"Der Arzt bedauerte die Patientin, weil sie an dem Tag kraftlos war und die Heilung stagnierte.",Wer war an dem Tag kraftlos? (Der Arzt / die Patientin),pitied,ExpStim,6,512,-1.55,-83,unheilbar,2.86,9,bedauerte,1.89,9,68.75,"Der_Arzt bedauerte die_Patientin,
weil sie an_dem_Tag kraftlos_war und die_Heilung stagnierte.",Wer war an dem Tag kraftlos?,Der Arzt,die Patientin,er,sie,J
nonamb,9,71,NP2,NP2-Causality,er,nonamb,"Der Arzt bedauerte den Patienten, weil er an dem Tag kraftlos war und die Heilung stagnierte.",Wer war an dem Tag kraftlos? (Der Arzt / den Patienten),pitied,ExpStim,6,512,-1.55,-83,unheilbar,2.86,9,bedauerte,1.89,9,68.75,"Der_Arzt bedauerte den_Patienten,
weil er an_dem_Tag kraftlos_war und die_Heilung stagnierte.",Wer war an dem Tag kraftlos?,Der Arzt,den Patienten,er,er,J
nonamb,9,71,NP2,NP2-Causality,sie,nonamb,"Die Ärztin bedauerte die Patientin, weil sie an dem Tag kraftlos war und die Heilung stagnierte.",Wer war an dem Tag kraftlos? (Die Ärztin / die Patientin),pitied,ExpStim,6,512,-1.55,-83,unheilbar,2.86,9,bedauerte,1.89,9,68.75,"Die_Ärztin bedauerte die_Patientin,
weil sie an_dem_Tag kraftlos_war und die_Heilung stagnierte.",Wer war an dem Tag kraftlos?,Die Ärztin,die Patientin,sie,sie,J
nonamb,9,71,NP2,NP2-Causality,er,nonamb,"Die Ärztin bedauerte den Patienten, weil er an dem Tag kraftlos war und die Heilung stagnierte.",Wer war an dem Tag kraftlos? (Die Ärztin / den Patienten),pitied,ExpStim,6,512,-1.55,-83,unheilbar,2.86,9,bedauerte,1.89,9,68.75,"Die_Ärztin bedauerte den_Patienten,
weil er an_dem_Tag kraftlos_war und die_Heilung stagnierte.",Wer war an dem Tag kraftlos?,Die Ärztin,den Patienten,sie,er,J
nonamb,10,42,NP2,NP1-Causality,er,nonamb,"Der Opa liebte die Eselin, weil er von Anfang an hilfsbedürftig war und die Hilfe benötigte.",Wer war von Anfang an hilfsbedürftig? (Der Opa / die Eselin),loved,ExpStim,5,284,2.45,-80,senil,0.45,5,liebte,5.2,6,56.25,"Der_Opa liebte die_Eselin,
weil er von_Anfang_an hilfsbedürftig_war und die_Hilfe benötigte.",Wer war von Anfang an hilfsbedürftig?,Der Opa,die Eselin,er,sie,F
nonamb,10,42,NP2,NP1-Causality,er,nonamb,"Der Opa liebte den Esel, weil er von Anfang an hilfsbedürftig war und die Hilfe benötigte.",Wer war von Anfang an hilfsbedürftig? (Der Opa / den Esel),loved,ExpStim,5,284,2.45,-80,senil,0.45,5,liebte,5.2,6,56.25,"Der_Opa liebte den_Esel,
weil er von_Anfang_an hilfsbedürftig_war und die_Hilfe benötigte.",Wer war von Anfang an hilfsbedürftig?,Der Opa,den Esel,er,er,F
nonamb,10,42,NP2,NP1-Causality,sie,nonamb,"Die Oma liebte die Eselin, weil sie von Anfang an hilfsbedürftig war und die Hilfe benötigte.",Wer war von Anfang an hilfsbedürftig? (Die Oma / die Eselin),loved,ExpStim,5,284,2.45,-80,senil,0.45,5,liebte,5.2,6,56.25,"Die_Oma liebte die_Eselin,
weil sie von_Anfang_an hilfsbedürftig_war und die_Hilfe benötigte.",Wer war von Anfang an hilfsbedürftig?,Die Oma,die Eselin,sie,sie,F
nonamb,10,42,NP2,NP1-Causality,sie,nonamb,"Die Oma liebte den Esel, weil sie von Anfang an hilfsbedürftig war und die Hilfe benötigte.",Wer war von Anfang an hilfsbedürftig? (Die Oma / den Esel),loved,ExpStim,5,284,2.45,-80,senil,0.45,5,liebte,5.2,6,56.25,"Die_Oma liebte den_Esel,
weil sie von_Anfang_an hilfsbedürftig_war und die_Hilfe benötigte.",Wer war von Anfang an hilfsbedürftig?,Die Oma,den Esel,sie,er,F
nonamb,9,42,NP2,NP2-Causality,sie,nonamb,"Der Opa liebte die Eselin, weil sie von Anfang an treu war und Zuneigung signalisierte.",Wer war von Anfang an treu? (Der Opa / die Eselin),loved,ExpStim,5,284,2.45,-80,treu,23.52,4,liebte,5.2,6,56.25,"Der_Opa liebte die_Eselin,
weil sie von_Anfang_an treu_war und Zuneigung signalisierte.",Wer war von Anfang an treu?,Der Opa,die Eselin,er,sie,J
nonamb,9,42,NP2,NP2-Causality,er,nonamb,"Der Opa liebte den Esel, weil er von Anfang an treu war und Zuneigung signalisierte.",Wer war von Anfang an treu? (Der Opa / den Esel),loved,ExpStim,5,284,2.45,-80,treu,23.52,4,liebte,5.2,6,56.25,"Der_Opa liebte den_Esel,
weil er von_Anfang_an treu_war und Zuneigung signalisierte.",Wer war von Anfang an treu?,Der Opa,den Esel,er,er,J
nonamb,9,42,NP2,NP2-Causality,sie,nonamb,"Die Oma liebte die Eselin, weil sie von Anfang an treu war und Zuneigung signalisierte.",Wer war von Anfang an treu? (Die Oma / die Eselin),loved,ExpStim,5,284,2.45,-80,treu,23.52,4,liebte,5.2,6,56.25,"Die_Oma liebte die_Eselin,
weil sie von_Anfang_an treu_war und Zuneigung signalisierte.",Wer war von Anfang an treu?,Die Oma,die Eselin,sie,sie,J
nonamb,9,42,NP2,NP2-Causality,er,nonamb,"Die Oma liebte den Esel, weil er von Anfang an treu war und Zuneigung signalisierte.",Wer war von Anfang an treu? (Die Oma / den Esel),loved,ExpStim,5,284,2.45,-80,treu,23.52,4,liebte,5.2,6,56.25,"Die_Oma liebte den_Esel,
weil er von_Anfang_an treu_war und Zuneigung signalisierte.",Wer war von Anfang an treu?,Die Oma,den Esel,sie,er,J
nonamb,9,8,NP2,NP1-Causality,er,nonamb,"Der Krankenpfleger beruhigte die Patientin, weil er in der Nacht fürsorglich war und Sicherheit ausstrahlte.",Wer beruhigte die Patientin? (Der Krankenpfleger / Der Freund),calmed down,AgP,6,0,0.27,-79,besorgt,15.02,7,beruhigte,1.31,9,31.25,"Der_Krankenpfleger beruhigte die_Patientin,
weil er in_der_Nacht fürsorglich_war und Sicherheit ausstrahlte.",Wer beruhigte die Patientin?,Der Krankenpfleger,Der Freund,er,er,F
nonamb,9,8,NP2,NP1-Causality,er,nonamb,"Der Krankenpfleger beruhigte den Patient, weil er in der Nacht fürsorglich war und Sicherheit ausstrahlte.",Wer beruhigte den Patient? (Der Krankenpfleger / Der Mann),calmed down,AgP,6,0,0.27,-79,besorgt,15.02,7,beruhigte,1.31,9,31.25,"Der_Krankenpfleger beruhigte den_Patient,
weil er in_der_Nacht fürsorglich_war und Sicherheit ausstrahlte.",Wer beruhigte den Patient?,Der Krankenpfleger,Der Mann,er,er,F
nonamb,9,8,NP2,NP1-Causality,sie,nonamb,"Die Krankenpflegerin beruhigte die Patientin, weil sie in der Nacht fürsorglich war und Sicherheit ausstrahlte.",Wer beruhigte die Patientin? (Die Krankenpflegerin / Die Gutsherrin),calmed down,AgP,6,0,0.27,-79,besorgt,15.02,7,beruhigte,1.31,9,31.25,"Die_Krankenpflegerin beruhigte die_Patientin,
weil sie in_der_Nacht fürsorglich_war und Sicherheit ausstrahlte.",Wer beruhigte die Patientin?,Die Krankenpflegerin,Die Gutsherrin,sie,sie,F
nonamb,9,8,NP2,NP1-Causality,sie,nonamb,"Die Krankenpflegerin beruhigte den Patient, weil sie in der Nacht fürsorglich war und Sicherheit ausstrahlte.",Wer beruhigte den Patient? (Die Krankenpflegerin / Die Teilnehmerin),calmed down,AgP,6,0,0.27,-79,besorgt,15.02,7,beruhigte,1.31,9,31.25,"Die_Krankenpflegerin beruhigte den_Patient,
weil sie in_der_Nacht fürsorglich_war und Sicherheit ausstrahlte.",Wer beruhigte den Patient?,Die Krankenpflegerin,Die Teilnehmerin,sie,sie,F
nonamb,10,8,NP2,NP2-Causality,sie,nonamb,"Der Krankenpfleger beruhigte die Patientin, weil sie in der Nacht hilflos war und Tränen vergoss.",Wer beruhigte die Patientin? (Der Krankenpfleger / Der Bär),calmed down,AgP,6,0,0.27,-79,professionell,30.71,13,beruhigte,1.31,9,31.25,"Der_Krankenpfleger beruhigte die_Patientin,
weil sie in_der_Nacht hilflos_war und Tränen vergoss.",Wer beruhigte die Patientin?,Der Krankenpfleger,Der Bär,er,er,F
nonamb,10,8,NP2,NP2-Causality,er,nonamb,"Der Krankenpfleger beruhigte den Patient, weil er in der Nacht hilflos war und Tränen vergoss.",Wer beruhigte den Patient? (Der Krankenpfleger / Der Passant),calmed down,AgP,6,0,0.27,-79,professionell,30.71,13,beruhigte,1.31,9,31.25,"Der_Krankenpfleger beruhigte den_Patient,
weil er in_der_Nacht hilflos_war und Tränen vergoss.",Wer beruhigte den Patient?,Der Krankenpfleger,Der Passant,er,er,F
nonamb,10,8,NP2,NP2-Causality,sie,nonamb,"Die Krankenpflegerin beruhigte die Patientin, weil sie in der Nacht hilflos war und Tränen vergoss.",Wer beruhigte die Patientin? (Die Krankenpflegerin / Die Assistentin),calmed down,AgP,6,0,0.27,-79,professionell,30.71,13,beruhigte,1.31,9,31.25,"Die_Krankenpflegerin beruhigte die_Patientin,
weil sie in_der_Nacht hilflos_war und Tränen vergoss.",Wer beruhigte die Patientin?,Die Krankenpflegerin,Die Assistentin,sie,sie,F
nonamb,10,8,NP2,NP2-Causality,er,nonamb,"Die Krankenpflegerin beruhigte den Patient, weil er in der Nacht hilflos war und Tränen vergoss.",Wer beruhigte den Patient? (Die Krankenpflegerin / Die Bäuerin),calmed down,AgP,6,0,0.27,-79,professionell,30.71,13,beruhigte,1.31,9,31.25,"Die_Krankenpflegerin beruhigte den_Patient,
weil er in_der_Nacht hilflos_war und Tränen vergoss.",Wer beruhigte den Patient?,Die Krankenpflegerin,Die Bäuerin,sie,sie,F
